image_size,batch,latency_s,memory_bytes,energy_j,is_validation
32,1,0.0009687039852142334,12784640,0.04047434656340755,False
32,2,0.0010035200119018555,18899968,0.04171213640922768,False
32,4,0.0010245280265808105,19121152,0.0507164790174002,False
32,8,0.0010143200159072876,19563520,0.043517241379310345,False
32,9,0.0010070239901542664,19674112,0.026888329979879277,True
32,16,0.0013516480326652527,20448256,0.029183783783783782,False
32,32,0.001001471996307373,22217728,0.029607607607607608,False
32,50,0.0010496000051498414,24208384,0.033506820566631686,True
32,64,0.0010076160430908202,26207232,0.03705236656596173,False
32,128,0.0009564160108566284,23847936,0.09163766730401529,False
32,209,0.0009645920097827911,30696448,0.1337348119575699,True
32,256,0.0009527359902858734,33678336,0.1520304761904762,False
64,1,0.0009738240242004395,14066688,0.053751703992210326,False
64,2,0.0010023679733276367,32924672,0.040076152304609224,False
64,4,0.0009985439777374268,33489920,0.03290319361277445,False
64,8,0.0010188800096511842,35906560,0.03230855397148676,False
64,9,0.0009738240242004395,36054016,0.036799415774099314,True
64,16,0.0013506560325622558,39183360,0.042036437246963564,False
64,32,0.0009902079999446868,41542656,0.07457128712871286,False
64,50,0.0014019519686698913,50930688,0.11755882352941176,True
64,64,0.001039952039718628,59048960,0.14784511434511435,False
64,128,0.000988095998764038,53601280,0.21559328726554786,False
64,209,0.0014079999923706055,78816256,0.3032770745428973,True
64,256,0.001760256052017212,93447168,0.38012302284710014,False
128,1,0.000968319982290268,15000576,0.058669893514036786,False
128,2,0.0009738240242004395,86508544,0.09985491723466407,False
128,4,0.00096110400557518,18736128,0.08367627281460134,False
128,8,0.001113215982913971,34071552,0.09914460511679644,False
128,9,0.001127839982509613,35496960,0.10756820744081172,True
128,16,0.0011315200328826905,46261248,0.16596380090497737,False
128,32,0.0011386879682540893,68281344,0.21195790671217293,False
128,50,0.0014243839979171753,94200832,0.3026315789473684,True
128,64,0.0025533438920974727,190120960,0.5074413265306122,False
128,128,0.003728896021842957,173138944,0.7813382899628253,False
128,209,0.006666240215301514,274850816,1.2518675496688743,True
128,256,0.008129024028778076,332522496,1.6745645161290321,False
176,1,0.0009840479791164399,16109568,0.06503834808259587,True
176,2,0.0009391359984874726,18463744,0.0613830985915493,True
176,4,0.001059839963912964,30798848,0.08136122881355932,True
176,8,0.00108542400598526,38536192,0.14637852494577008,True
176,9,0.0009480800032615662,34942976,0.16436208530805685,True
176,16,0.001237504005432129,54846464,0.20736217552533992,True
176,32,0.0015753440260887147,89777152,0.3412047244094488,True
176,50,0.00267520010471344,133293056,0.5734652406417112,True
176,64,0.004229119777679443,223740928,0.8265147679324893,True
176,128,0.007580671787261963,317842432,1.5710075757575757,True
176,209,0.01348744010925293,506679296,2.7883999999999998,True
176,256,0.01567999982833862,616424448,2.9430625,True
224,1,0.0009789440035820008,17568768,0.07885909980430528,False
224,2,0.0009589120149612427,21439488,0.0736836049856184,False
224,4,0.0009190239906311036,29008896,0.12362534435261707,False
224,8,0.0009094240069389343,44262400,0.1942081818181818,False
224,9,0.000915583997964859,48534528,0.2038188472095151,True
224,16,0.0013557759523391724,75228160,0.2966666666666667,False
224,32,0.002520064115524292,137880576,0.5350604534005038,False
224,50,0.004216207981109619,204424192,0.8587100840336134,True
224,64,0.006212607860565185,267977728,1.2460496894409938,False
224,128,0.01250441598892212,502391808,2.3435625,False
224,209,0.02094070339202881,810750976,4.3246875000000005,True
224,256,0.025391136169433594,991028224,5.13455,False
256,1,0.0009721760153770446,18736128,0.07736345966958212,False
256,2,0.0009452480077743531,23847936,0.08494045368620039,False
256,4,0.0009297919869422913,33678336,0.1490539033457249,False
256,8,0.0009799680113792418,53601280,0.1917845249755142,False
256,9,0.0011284480094909668,58582016,0.2459763246899662,True
256,16,0.001816528022289276,93447168,0.39396914700544466,False
256,32,0.003557760000228882,173138944,0.7372021276595745,False
256,50,0.0061265921592712404,263316480,1.2450304878048781,True
256,64,0.01444715166091919,710214656,2.549614285714286,False
256,128,0.016566207885742187,651289600,3.3171639344262296,False
256,209,0.027047935485839843,1054729216,5.484081081081081,True
256,256,0.03333631896972656,1288823808,6.748500000000001,False
288,1,0.0009708000123500824,20059136,0.08471387002909797,True
288,2,0.0009185280203819275,26362880,0.11410192837465565,True
288,4,0.0009143519997596741,38970368,0.1799744058500914,True
288,8,0.0011836960315704346,64185344,0.25675147928994085,True
288,9,0.0013296639919281007,70489088,0.2863612217795485,True
288,16,0.0024145920276641844,115467264,0.5252843373493976,True
288,32,0.004521471977233887,217572352,0.9365900900900901,True
288,50,0.007696383953094482,329507840,1.5302846153846155,True
288,64,0.01640246391296387,750322688,2.993786885245902,True
288,128,0.021039615631103514,821158912,4.265333333333333,True
288,209,0.03434905624389649,1333269504,6.877466666666667,True
288,256,0.042253824234008794,1628562432,8.503791666666666,True
336,1,0.0009779199957847596,22335488,0.09844868035190615,True
336,2,0.0009421759843826294,31073280,0.14223069679849343,True
336,4,0.0009002079963684082,48534528,0.20886768676867687,True
336,8,0.001510432004928589,83313664,0.3291915535444947,True
336,9,0.001791808009147644,93447168,0.388175313059034,True
336,16,0.003381600022315979,152871936,0.7951959459459459,True
336,32,0.0062341117858886715,289006592,1.247919254658385,True
336,50,0.010614672183990478,442760192,2.047252631578947,True
336,64,0.020496416091918945,819332096,3.7720000000000002,True
336,128,0.029620223999023438,1114760192,5.453617647058824,True
336,209,0.05133619308471679,1806995456,10.2639,True
336,256,0.0598823356628418,2210259968,10.779235294117647,True
384,1,0.0009681119918823242,24962048,0.1136621490803485,False
384,2,0.0009603680074214935,36168704,0.16782053742802303,False
384,4,0.0011233279705047607,58582016,0.24317620650953983,False
384,8,0.0020674560070037843,103932928,0.44982851239669425,False
384,9,0.002363392114639282,115467264,0.5124268867924529,True
384,16,0.0048752641677856446,194110464,1.0107621359223302,False
384,32,0.008535776138305664,372368384,1.673779661016949,False
384,50,0.014440447807312011,576185344,2.7666142857142857,True
384,64,0.024655872344970704,898958336,4.401048780487805,False
384,128,0.03877427101135254,1448207360,7.799615384615384,False
384,209,0.06163251113891602,2355946496,11.726411764705881,True
384,256,0.0753068962097168,2882659328,14.335857142857142,False
400,1,0.0009977920055389403,25915392,0.13070189431704884,True
400,2,0.0009707520008087158,38566912,0.18261008729388942,True
400,4,0.0011386879682540893,63378432,0.246967007963595,True
400,8,0.002288048028945923,113001472,0.49617579908675796,True
400,9,0.002780623912811279,123310080,0.6075194444444444,True
400,16,0.005352447986602784,209052672,1.0334491978609626,True
400,32,0.009489407539367676,402875392,1.8655377358490568,True
400,50,0.015591487884521485,622224384,2.9710615384615386,True
400,64,0.025466368675231933,928711680,4.653675,True
400,128,0.040738815307617186,1572332544,8.16012,True
400,209,0.06640895843505859,2555195392,13.53225,True
400,256,0.08173670196533203,3126715392,15.337230769230768,True
512,1,0.0010992640256881714,33678336,0.15642307692307691,False
512,2,0.0011412479877471924,53601280,0.22162827822120865,False
512,4,0.001819648027420044,93447168,0.39303454545454547,False
512,8,0.0040447998046875,173138944,0.8549516129032257,False
512,9,0.0045957121849060055,194110464,0.8830550458715596,True
512,16,0.008656703948974609,332522496,1.7891293103448276,False
512,32,0.015347455978393555,651289600,3.2886969696969697,False
512,50,0.024598400115966798,1009902592,5.269487804878049,True
512,64,0.05747964859008789,2782200832,10.771055555555556,False
512,128,0.06462718200683594,2563892224,12.47475,False
512,209,0.11236236572265626,4178699264,20.0836,True
512,256,0.13139801788330077,5114029056,25.5737,False
