image_size,batch,limit_bytes,memory_bytes,is_validation
32,1,2147483648,12784640,False
32,2,2147483648,18899968,False
32,4,2147483648,19121152,False
32,8,2147483648,19563520,False
32,9,2147483648,19674112,True
32,16,2147483648,20448256,False
32,32,2147483648,22217728,False
32,50,2147483648,24208384,True
32,64,2147483648,26207232,False
32,128,2147483648,23847936,False
32,209,2147483648,30696448,True
32,256,2147483648,33678336,False
64,1,2147483648,14066688,False
64,2,2147483648,32924672,False
64,4,2147483648,33489920,False
64,8,2147483648,35906560,False
64,9,2147483648,36054016,True
64,16,2147483648,39183360,False
64,32,2147483648,41542656,False
64,50,2147483648,50930688,True
64,64,2147483648,59048960,False
64,128,2147483648,53601280,False
64,209,2147483648,78816256,True
64,256,2147483648,93447168,False
128,1,2147483648,15000576,False
128,2,2147483648,86508544,False
128,4,2147483648,18736128,False
128,8,2147483648,34071552,False
128,9,2147483648,35496960,True
128,16,2147483648,46261248,False
128,32,2147483648,68281344,False
128,50,2147483648,94200832,True
128,64,2147483648,190120960,False
128,128,2147483648,173138944,False
128,209,2147483648,274850816,True
128,256,2147483648,332522496,False
176,1,2147483648,16109568,True
176,2,2147483648,18463744,True
176,4,2147483648,30798848,True
176,8,2147483648,38536192,True
176,9,2147483648,34942976,True
176,16,2147483648,54846464,True
176,32,2147483648,89777152,True
176,50,2147483648,133293056,True
176,64,2147483648,223740928,True
176,128,2147483648,317842432,True
176,209,2147483648,506679296,True
176,256,2147483648,616424448,True
224,1,2147483648,17568768,False
224,2,2147483648,21439488,False
224,4,2147483648,29008896,False
224,8,2147483648,44262400,False
224,9,2147483648,48534528,True
224,16,2147483648,75228160,False
224,32,2147483648,137880576,False
224,50,2147483648,204424192,True
224,64,2147483648,267977728,False
224,128,2147483648,502391808,False
224,209,2147483648,810750976,True
224,256,2147483648,991028224,False
256,1,2147483648,18736128,False
256,2,2147483648,23847936,False
256,4,2147483648,33678336,False
256,8,2147483648,53601280,False
256,9,2147483648,58582016,True
256,16,2147483648,93447168,False
256,32,2147483648,173138944,False
256,50,2147483648,263316480,True
256,64,2147483648,710214656,False
256,128,2147483648,651289600,False
256,209,2147483648,1054729216,True
256,256,2147483648,1288823808,False
288,1,2147483648,20059136,True
288,2,2147483648,26362880,True
288,4,2147483648,38970368,True
288,8,2147483648,64185344,True
288,9,2147483648,70489088,True
288,16,2147483648,115467264,True
288,32,2147483648,217572352,True
288,50,2147483648,329507840,True
288,64,2147483648,750322688,True
288,128,2147483648,821158912,True
288,209,2147483648,1333269504,True
288,256,2147483648,1628562432,True
336,1,2147483648,22335488,True
336,2,2147483648,31073280,True
336,4,2147483648,48534528,True
336,8,2147483648,83313664,True
336,9,2147483648,93447168,True
336,16,2147483648,152871936,True
336,32,2147483648,289006592,True
336,50,2147483648,442760192,True
336,64,2147483648,819332096,True
336,128,2147483648,1114760192,True
336,209,2147483648,1806995456,True
336,256,2147483648,OOM,True
384,1,2147483648,24962048,False
384,2,2147483648,36168704,False
384,4,2147483648,58582016,False
384,8,2147483648,103932928,False
384,9,2147483648,115467264,True
384,16,2147483648,194110464,False
384,32,2147483648,372368384,False
384,50,2147483648,576185344,True
384,64,2147483648,898958336,False
384,128,2147483648,1448207360,False
384,209,2147483648,OOM,True
384,256,2147483648,OOM,False
400,1,2147483648,25915392,True
400,2,2147483648,38566912,True
400,4,2147483648,63378432,True
400,8,2147483648,113001472,True
400,9,2147483648,123310080,True
400,16,2147483648,209052672,True
400,32,2147483648,402875392,True
400,50,2147483648,622224384,True
400,64,2147483648,928711680,True
400,128,2147483648,1572332544,True
400,209,2147483648,OOM,True
400,256,2147483648,OOM,True
512,1,2147483648,33678336,False
512,2,2147483648,53601280,False
512,4,2147483648,93447168,False
512,8,2147483648,173138944,False
512,9,2147483648,194110464,True
512,16,2147483648,332522496,False
512,32,2147483648,651289600,False
512,50,2147483648,1009902592,True
512,64,2147483648,1288823808,False
512,128,2147483648,OOM,False
512,209,2147483648,OOM,True
512,256,2147483648,OOM,False
